Month,Visitors
Jan-04,17238
Jan-05,18782
Jan-06,16905
Jan-07,17213
Jan-08,16150
Jan-09,17845
Jan-10,17343
Jan-11,17600
Jan-12,16561
Feb-04,14591
Feb-05,14580
Feb-06,14071
Feb-07,12816
Feb-08,15178
Feb-09,13762
Feb-10,14776
Feb-11,14333
Feb-12,15836
Mar-04,22960
Mar-05,22144
Mar-06,21990
Mar-07,23321
Mar-08,23913
Mar-09,21989
Mar-10,22022
Mar-11,23127
Mar-12,22851
Apr-04,14890
Apr-05,14759
Apr-06,15268
Apr-07,16098
Apr-08,15219
Apr-09,16472
Apr-10,16147
Apr-11,16033
Apr-12,16298
May-04,15915
May-05,15827
May-06,16794
May-07,16291
May-08,16145
May-09,16205
May-10,15309
May-11,16098
May-12,16705
Jun-04,21000
Jun-05,23606
Jun-06,23546
Jun-07,22745
Jun-08,23455
Jun-09,23256
Jun-10,23387
Jun-11,24000
Jun-12,23597
Jul-04,16252
Jul-05,13482
Jul-06,14096
Jul-07,15174
Jul-08,14391
Jul-09,14578
Jul-10,15931
Jul-11,13534
Jul-12,14751
Aug-04,12635
Aug-05,14030
Aug-06,15117
Aug-07,13896
Aug-08,15196
Aug-09,12821
Aug-10,13391
Aug-11,14745
Aug-12,13091
Sep-04,15519
Sep-05,15795
Sep-06,15488
Sep-07,15585
Sep-08,16953
Sep-09,16258
Sep-10,16367
Sep-11,14762
Sep-12,15094
Oct-04,21464
Oct-05,22309
Oct-06,21769
Oct-07,22603
Oct-08,23108
Oct-09,22860
Oct-10,21867
Oct-11,21876
Oct-12,20901
Nov-04,15466
Nov-05,13823
Nov-06,15739
Nov-07,15772
Nov-08,16698
Nov-09,15789
Nov-10,15755
Nov-11,15588
Nov-12,15767
Dec-04,27700
Dec-05,28291
Dec-06,27839
Dec-07,27521
Dec-08,27623
Dec-09,27782
Dec-10,29134
Dec-11,29312
Dec-12,29123
